{
    "indobert": {
        "eval_loss": 0.5280498266220093,
        "f1_macro": 0.12673139300429562,
        "accuracy": 0.15384615384615385,
        "precision_macro": 0.09592189970096947,
        "recall_macro": 0.19200989782886335,
        "hamming_loss": 0.24493927125506074
    },
    "rembert": {
        "eval_loss": 0.8765337467193604,
        "f1_macro": 0.10173620675718414,
        "accuracy": 0.15789473684210525,
        "precision_macro": 0.29240107767715134,
        "recall_macro": 0.15591400843505895,
        "hamming_loss": 0.2388663967611336
    },
    "mbert": {
        "eval_loss": 0.5842064023017883,
        "f1_macro": 0.14433257975971545,
        "accuracy": 0.1902834008097166,
        "precision_macro": 0.16366589183562053,
        "recall_macro": 0.17780704555129842,
        "hamming_loss": 0.23549257759784076
    },
    "labse": {
        "eval_loss": 0.5488889217376709,
        "f1_macro": 0.15721782196756917,
        "accuracy": 0.1862348178137652,
        "precision_macro": 0.17400794126980315,
        "recall_macro": 0.2026060075044304,
        "hamming_loss": 0.2233468286099865
    }
}